title,author,review,genre,erotic,grotesque,insane,paranomal,esthetic,painful,date
近畿地方のある場所について,背筋,"被害者サイドの記す書簡体恐怖小説。基本的に黒幕に操作されて読者へ術式の開示による呪力の底上げを狙っているけれど抵抗してもいるのでそのせめぎあいが妙。でも、呪い全体がネズミ講の形をとっている（実際にねずみ講やカルトを怪異が利用してもいる）ので黒幕に見えるのも上位の会員でしかないというオチはありそう。その辺クトゥルフ神話っぽい。何であれ、彼らは人だったのだ。そういう元人間の会員の人間的なクセや執着によって嫌な感じが醸し出されているが、果たして根本には恐怖すべき何かがあるのだろうか。そういう意味で人間が一番怖い

断片的な情報が綴られた、ドキュメンタリー形式の小説。 何と何がつながっているのか、 記憶力がないので、混乱。 文章を読み進める上で、自分のなかでイメージしていたものの不気味さが最後の袋とじで 具体的な絵や写真となりリアリティが増すことで恐怖感も倍増。見なきゃよかった…

かなり怖いホラー小説と言う事で。ここ最近怖いと言われるホラーものは、ネットの書き込みや会話調で書かれた文章でリアルに偏って構成されていて、内容も「何だかよく分からなくて怖いでしょ」みたいな方向で怖がらせるものが目に付くなあと。昔の「ホラー小説」は作者が読者の想像力を試すようなところもあって、そのために行間や情景描写、そのための言葉までも厳選していて日本語が上手い作家さんだと「文字を読むだけで想像して怖い」本もあったけど…最後の袋とじの中身を見て読者の想像はいらないのか、とがっかりしてしまいました。

怖かった。 著者は、赤い女に選ばれ、本書を媒介として呪いを広める役割を請負ったようだ。

再読。気持ち悪い読後感な。モデルの場所は生駒市〜生駒郡あたりかなと思いながら読んでいくと案外身近にやばい場所はあるのですみたいな感覚になる。何も解決してないし感染系だし厭な話。最初に読んだときのドキドキ怖い怖い感覚は薄れてきてレポとして読んだがやはり面白い。まさるの石≒祠の石≒カルト集団の石≒老人ホームの石なんだろうが集団自殺のあった老人ホームは関東らしいけどあの石は今どこにあるんでしょうね。神社の由緒書きの残ってる部分も怖いのでフルで読んでみたかった。あえて情報を削いでいるのが良いアクセントになってる。",ホラー,0,1,5,5,0,1,2025年5月31日
右園死児報告,真島文吉,"報告書形式のホラー？斬新！と思って読みはじめて、気づいたらミリタリー系のSFになっていた…。おもろいけどなんか違った。

思ってたのとだいぶ違う面白さがあった。後半あんな展開になるとは思いも寄らなかったから、前半結構ぼんやりサラサラと読んじゃったのが悔やまれる。そのうち読み返す！ 前半のSCPぽいパートは紙の書籍って形態には合ってない気がした。

前半は｢右園死児｣について淡々と報告する文書であり、｢右園死児｣自体は物体や非物体等様々な形で存在しているようで、終始得体の知れないものに恐る恐る触れるような、非常に不気味さを感じた。ただ、後半から｢右園死児｣に対しての、人々の衝突が前面に書かれる報告が主になってくる。最終的には報告書にでてきた人達のヒューマンドラマが展開されるが、感情移入していいのか、いやしようとしてもここから感情移入はしにくいな…みたいな感じで読みながら思った次第だった。前半の不気味さを感じたい人は是非。

右園死児と名の付いた存在は、恐ろしい災厄を伴う超常現象を引き起こす。国はこの未知なる脅威に対抗するため、国民に対して通報を奨励し、軍を使って関与した者を捕らえ、処分し、あわせて報告書にとりまとめて広くこれを公開した。物語前半は淡々とした報告書形式でSCPっぽい。後半から報告書に記された人間たちが災厄をもって災厄に立ち向かうアツい展開に変わる。主に無味乾燥な報告書でしかキャラのことが語られないので、それぞれのバックグラウンドとかパーソナリティをもっと知りたい気持ち。さくっと軽く読めて満足度も高め。

結局何が何なのかよくわからなかったけど、わからないなりに面白かった。モキュメンタリーをイメージして読んだので良い意味で裏切られた。パニックホラー風ダークファンタジーというか…。内容は新鮮なはずなのに読みながら関連性の薄い色々な作品を思い出して、不思議と懐かしい気持ちになって、楽しかった。グロは苦手だけど、詳細な描写は無いので耐えられた。故に、書籍化されていない部分、実際にこの騒動に携わった人々がどう生きたのかとても興味が湧いた。ここからどんどん広がっていってほしい世界観。","SF, ホラー",0,3,4,5,0,1,2025年5月31日
呪怨,大石圭,"実は映画の呪怨を完全に観たことがない。チラッとだけ観たことあるけど、布団のなかが怖くなった。これ、映像が先でしたか...。伽椰子の心の内を知れば観られるかもしれないと思ったけど辛いだけだった。巡る恨みの連鎖。最後の伽椰子の話が特に辛い…

映画は１０数年前に視聴済みだが、内容はあまり覚えてなかった。「呪怨」の元ともなった伽耶子は結局安穏な人生はほとんど送れず、剛雄にも不倫を疑われて殺される事となる。色んなものが積み重なって出来た結果、怨念でもって剛雄を殺し、不幸の連鎖を引き起こすことになるが、伽耶子の心情が深堀されているため、伽耶子が何故このような凶行に及んだかは多少理解出来た。映画を見た当時は「対して面白くない」と評価を下していたが、小説版の方がはるかに真に迫っていてクオリティは高いと思う。

表紙が怖すぎてカバー必須。映画を見た記憶はあるけど内容は全く覚えてない。呪いの発生までの経緯がとても痛々しい。剛雄のほうがよっぽど怖い。

映画でしか観たことがなかったが、小説を読んで伽耶子が怨念を持つに至った経緯がわかった。小説内でも説明されるが、伽耶子以上に不幸な人生や死に方をした人はたくさんいる。だか、伽耶子はおぞましい程の怨念で次々に人々を呪い殺していく。この幽霊らしくない、人間くさいところが伽耶子という幽霊の魅力なのではないだろうか。ただ、確信したことが一つある。ホラーは映像でみるに限る。

ホラービデオが原作で、それを小説化。やっぱりカヤコは怖いが、その諸悪の根源はカヤコの夫の剛雄。カヤコもひどいストーカー女だったのだが、剛雄のカヤコへの仕打ちがとにかく酷い。大昔に見た呪怨のビデオの記憶が蘇った。",ホラー,3,5,5,5,0,3,2025年5月31日
禍,小田雅久仁,"肉、鼻、耳、が面白かった。他は微妙。どれも現実から地獄に落ちる話。日常からリアリティを保ちつつ空想世界にズラしていくのが難しいのか、心理描写が巧みで非現実の入口まではスリル満点なのに、境界を超えた瞬間にファンタジーが急発進する。古めかしい文体が放つ高尚な雰囲気に期待したものでなく、雑なファンタジーがデンと出てきて面食らう。文学を読んでたのにバチっとB級ホラーや陳腐なアニメに切り替わる感触。私がファンタジー好きで色々と見慣れてるせいか、ハデな空想ほど必要なリアリティの下地が不足してると感じる話が多い。

面白かった！本書結構分厚く読んでる期間が長かったので、かなりの時間変な世界にいる感覚を覚えてました。毎話すごい世界観の作り込みで不気味なワールドへの没入感を味わえました。身体の一部がテーマという気持ち悪さも良い。全部の話好きだったんですが、一番に思い出すのは、海辺で朽ちかけている夫婦を横目に、無数の灰色の怪物達が通り過ぎていくシーンです。凄い終末感でした。とんでもない迫力があって巨大な怪物が出す轟音が響いてるのに、それでも静けさが世界全体を包んでる、終わりってあんな感じなんだろうな。もう絶望とかじゃない。

体の部位をモチーフにした短編集。大賞を取っただけあって作者の筆力に圧倒される。どれも不気味で気味が悪く卑猥で吐き気がするが、この奇妙な世界に引き込まれ、素晴らしい文章力と構成力でスルスルと頭に入り映像化されて没入感が半端ない。個人的には耳の独創性と、鼻の閉鎖空間、目の異世界感が良かった。今作はSF色が濃いので、どれだけ気持ち悪くても楽しく読めたが、この作者が描く人間の闇とかは読むのが辛そう。物語の世界を造るのが上手い作家さんっぽいので、次作は是非ともSFファンタジーの長編を期待します。

初めて読む作家さん、第一印象は「病んだ物語だ」。改行が少ないのは、作品の雰囲気に合わせて意図的に選ばれているようで、緊張やプレッシャーみたいなのを文章で演出している感じを受けた。個人的には筒井康隆の文体を思い浮かべたけれど、それは自分だけの感覚かしら？。ホラーというよりは幻想小説、淡々と普段からずれていく、読んでいて足元がおぼつかなくなる不安、平行感覚を喪失するよな危うさ、自分が自分で無くなっていく狂気への誘い、ゆるゆる麻痺していくドラッグ感は、悪魔的で酔わされるようなヤバさで満ちている。

最初に小説家を自虐するような話を持ってきているのが、選手宣誓のように思えた。それに恥じないほどの多彩な表現があり、文章へのこだわりがうかがえた。「食書」は”本を食べる”ということを破滅の始まりとして書いていて、そういった入口が日常に潜んでいるんだろうか、と考えて怖くなった。「耳もぐり」は傑作だと思う。一人の体のなかに、複数の意識が同居する話は、それほど珍しくない。ただ、意識の変化が、地の文でシームレスに行われるのは面白い。もぐる前の”私”と、もぐられる前の”私”の描写が繋がっているのが凄く気味が悪い。","ファンタジー, ホラー",4,2,5,5,0,2,2025年5月31日
残穢,小野不由美,"映画見てる ゾクゾクする怖さ。 謎に迫るごとに過去の悲惨な出来などに繋がっていき、 そして大きな穢れに辿り着く。 映画とのちがい となりの団地まで穢れがあったとは。 思っていた以上長い期間この件を研究してた。7年？ 小説でお坊さん掛け軸隠してた？ 本当この話は小説でも映画でも怖い！ 自分の住んでいる、働いているところが30、40年前ですら何があったかよくわからないのに、 こんなにさかのぼると何が出てくるか、興味もあるが怖くもある。 たまに見たくなる作品でした。 25.4.19

ずっとほんのり怖い……ゾクゾクするわけではないけど、じわ〜っと怖さが広がってきて、家にいるのが何よりも好きなわたしでもちょっと家が怖くなるような作品でした。こういう、何の権限もない市井の人間が少しずつ調査を進めていく話って（ホラー以外でも）大好きなので、怖がりつつ楽しく読めました。たくさんの人に根気強くインタビューを重ねて、歴史を細かく調べて、点と点が徐々につながってゆく気持ちよさがあった。この家に引っ越してくる前、大島てるくらいは調べたけれど、土地の歴史を知りたいような、知ったら戻れないような……。

「私」＝小野不由美さん本人　であるように書かれていることや、ノンフィクションであるかのように書かれていることによる怖さがあった。伝聞で感染する怪異が示され、読者も祟りの流れに組み込まれかねないところや、謎が完全には解明されないところがとても良かった。

本書の「怖い」という高名（？）はかねがね承知していた。これまでに読んだ小野先生の作品の怖さの個性のようなものを思い浮かべ、どんな怖さなのだろう、とある意味怯えながらも楽しみにしていた。恐らく事実上起こった事以外加える事なく、忠実なルポなのだろうというのが自分の感想。だからこそ怖いとも言えるし、自分には及ばないだろうと高を括ることもできるように思った。まとまらない感想で申し訳ないです。

本を手元に置いておきたくないって、そういう事か〜。 ずっとここに穢れがある、みたいに感じちゃうもんな。でも読み終わってしまった時点でもう感染者なので、私はずっと置いておきます。 ノンフィクションっぽい書かれ方してて、怪異も根拠ありきのものやからリアルでいい。すごくいい。

最初の怪異の体験談は怖くて見入った。後半はミステリー読んでる気持ち。祟りではなく穢れが偶発的に発生していくの嫌すぎる",ホラー,0,0,3,5,0,3,2025年5月31日
をんごく,北沢陶,"作者がアンソロジーに寄せていた別の作品が好みだったので手に取る。タイトルから悍ましいホラーを想像していたら、バディもののゴーストバスターだった。ミッちゃんのキャラクターも愛嬌があって良い。怪異描写には粗さを感じるが、落ち着いてしっとりした文章が和ホラーと合う。今後も追いたい作家。

時代が大正時代末期なので台詞の言い回し全てを理解できたか怪しいけど雰囲気が充分。 命が尽きる前の家族への義兄の行いが無慈悲で一番こわかった。エリマキのキャラクターが良く、主人公の壮一郎も妻を失いながらも自暴自棄にならず周りが見えており好感がもてる。ホラーながらもエリマキと壮一郎との友情を感じた。 自分の中で一番強く想っている人物の顔がエリマキに投影されるが、自分なら誰が映し出されるのだろうと考える。もし魂が彷徨うことになったら私もエリマキに食べてもらいたい。食べながらも悲しみを分かってくれる良い奴だから。

図書館本。おもろーーーーーい！！！！めっちゃ好きな作品だった。横溝正史ミステリ＆ホラー大賞受賞（しかも三冠！）ということで、この賞めっちゃ私向きなのかも？となった。設定や文章もさることながら、キャラクターが本当に好き。エリマキ。そのビジュアル、人となり、人生。スピンオフないんすか？エリマキ大好きすぎる。異種間の関係性がすごく大好物なのでハマっちゃった。主人公のキャラもいい。好きすぎて持て余す感情とか形にしたら確定されることへの畏れとか、抱えているものに共感した。読後感も良い。ちゃんと恐怖描写もあり。

図書館で借りた本。とにかく面白くて一気読み。 大正時代の大阪が舞台。奥さんを早くに亡くし、未練が残る夫は巫女を頼る。巫女が言うには、奥さんはこの世にもあの世にもいないと言う。謎が徐々に解けていくところも面白く、エリマキという霊を食べる、存在も面白い。 大阪弁の言い回しも面白かった。 久しぶりに面白い本に巡り会えた。

大正時代が舞台のホラー 暗くておどろおどろしい話かとおもわれたけれど、エリマキと行動するようになってからはなんだかほんわかホラーになった。二人+巫女さんの関係が心地よいホラーでした",ホラー,0,1,2,4,1,4,2025年6月1日
本の背骨が最後に残る,斜線堂有紀,"ダークでグロテスクなおとぎ話。怖々覗き見してるうちに夢中になって前のめりになってしまうような感覚。おもしろかった。

7編の短編集だがどれもダークな話。短い話の中で様々なパターンのグロテスクを詰め込む。表紙は閲覧注意の警告なのか。『死して屍知る者無し』と『ドッペルイェーガー』が面白かった。

前情報があったので読むか迷ったのですが、怖いもの見たさ（読みたさ）で手に取ってしまいちょっと後悔。短編集。どれも後味の悪い何とも嫌な世界観。唯一、「金魚姫」だけは　天災ということで何とか受け入れられましたが。「美しい」とか「虜になる」という感想は全く持てませんでした。",ホラー,1,5,4,4,4,3,2025年6月1日
ノルウェイの森,村上春樹,"レイコさんと暮らしていた直子は病院へ入院して治療する事に。治療が上手く行き療養生活に戻るがそこでキズキ君のところへ旅立ってしまう。身の回りをきれいに片付けて。僕は直子と住もうと寮を出たのに…大学の友人の緑と彼女の父の見舞いに病院に行く。そこで僕が病室でキュウリを食べると父上も欲しがり食べる。これが彼の最期の食事かも。直子が亡くなり、僕は旅に出る。一カ月の旅行は僕の気持ちをひっぱりあげてはくれなかったし、直子の死が僕に与えた打撃をやわらげてもくれなかったが、レイコさんに幸せになりなさいと言われる。

直子の養生先を数度訪れ、手紙も書いたりしつつ、緑とじっとりと仲を深めていく僕。脳腫瘍で入院中の緑の父の看病に付き合わされたり、緑と仲違いしたり、退寮して生活を変えたりと、生活が少しずつ変化していく。が、突如として直子は自殺、僕はひどく衝撃を受け、放浪の旅に。かつて行動を共にした上級生、永沢の「自分を憐れむな」という警句に気づかされ、下宿先に戻った僕は直子の静養先で知り合ったレイコに諭され、緑と幸せになることを決意し、「どこでもない場所の真ん中」から緑を呼び続けるのだった。

この本を読んでいる間は、この本の世界観にすごく没入できました。 この世界で誠実に生きるといくことは、とても強さが必要ということを感じ、それが故に誠実でない生き方も自分のために肯定するべきだな〜と。 作中の性描写が多く、その意味について理解しきれていない部分がありますが、とても面白い読書でした。

主人公であるワタナベが直子などの複数の女性との関係を描いた。自分とワタナベは似ている部分があると感じた。ワタナベは直子を本当の意味で愛そうとしていたが、それが達成できたかどうかはわからないまま直子は自殺を選択してしまう。直子は元彼のキズキの自殺でぽっかり空いてしまった穴をワタナベによって塞ごうとしたのではないか。ワタナベはそれに快く応じたが、途中からそれは「直子への癒着」となってしまう。緑や突撃隊についてもあったが複雑に絡みすぎていて頭の整理が追いつかない。また、キズキがなぜ死んだのかを知りたい。

上下ともに性行為が軽いものとして綴られている。かと思えばあの一夜がなければ？あの一言（どうして寝なかったの）がなければ違ったのでは？ふたりが再会するには若すぎたのでは？、？がとまらない。そこで出てくるのがレイコさんだ。レイコさんは寮に７年いる。ここで年月は関係ないですよーと言われてる気分になる。読み進めていくにつれ「死は生の一部」に納得しざるを得なくなる。誰かの死に関してどうしようもないことで終わらせるのは簡単だ。実際どうしようもないのだ。その人が生きている限り。生きていたのだ。",純文学,5,0,1,0,0,4,2025年5月31日
告白,湊かなえ,"「人間標本」が合わなくて、なんでこの人評判いいんだろ？と思い有名なデビュー作であるこちらを読んでみた。めちゃくちゃ読みやすい。易しい言葉と衒いのない文章でするする読める。犯人たちが反省とか後悔とかせずずっと不満垂れ流してるのが面白かった。ラストの桜宮先生のムーブはちょっと冷めた。

酷い話だった気分が悪い、ナレーターも酷かった🔸サブスクで良かった金は出せない🔸最後に対談があるが、そんな感じでやってるんだと分かり色々と残念🔸本の内容は出てくる人間がクズばかりで救いようがない、誰にも感情移入ができないしハラハラもしない🔸みんな闇を持っているんだよアピールが酷い、実際はただのわがまま🔸牛乳にエイズ患者の血液を入れたり、爆破落ちの爆弾場所を変えたりして、それが更生や復讐なのだろうか？

凄いな…これがデビュー作か… ちょっと触りだけと思って本を開いたのに、家事を後回しにして全部読んじゃった。 本を開いた時の文字のギュギュとした感じからは信じられないほど読みやすくて没入させていく筆力にため息が出た。 会えてなくても自分の娘を殺された父親がそんなことする？と思ったり、そうはならないでしょ…って思うところもあったけど、それを補って余りある魅力にやられた。 多分、湊かなえさんの著書は夜行観覧車をオーディブルで聞いただけだったから他のも読んでみたいと思った。

淡々とした語り口の告白から始まり読み進むにつれ、うちに秘められた怒りで言葉１つ１つがズッシリと重みを増していくような感覚でした。イジメの描写も悲惨で、幼稚な正義感が、こうも人を残酷にするのかと辛くなってきます。救いの無いお話ですが、それぞれの告白により真相が明らかになり深みが増していくのが素晴らしかったです。

語り手が変化していく形式が、この小説の内容にものすごくマッチしていた。オチも秀逸",ミステリー,1,1,5,0,0,1,2025年5月31日
穢れた聖地巡礼について,背筋,"「近畿地方のある場所について」を読みたかったが、我が図書館では結構な予約待ちなので、待ち無し読めるこの本を選んだ。突撃心霊スポット配信者チャンイケこと池田の「オカルトヤンキーch」。中でも屈指の再生数を誇る動画「変態小屋」「天国病院」。これに目を付けたフリーのベテラン編集者の小林。そして大阪の神社の娘で霊が見える怪談ライターの宝条を巻き込みファンブックを企画、KADOKAWAに売り込む。ただ其処にはある画策が潜んでいた。伏せられた情報を小出しにしながら、たどり着いた真相は意外な結末だった。
=
シンプルに、面白かったなぁ、と。 ホラーとしては前作と比べるとそこまで怖くはなかったけど、前作とは全く違ったスタイルで、いろんな書き方が出来るんだなと楽しく読ませてもらった。 でもどうやら自分は表面的にしか読めていなかったようで、いろんな人たちの考察を読んで初めて根っこの部分にあるモノが理解できた。 いや、なんとなくだけど。 めでたしめでたしで終わると思いきや不穏なラストで、チャンイケの事が心配。
=
話題の背筋さんの作品初読み。すごく怖いのかと思いきや、気持ち悪かったり不気味だったりはするものの、あまり怖くなかった。ストーリーが少しわかりにくくて、他の作品も似たような感じなら、読まなくてもいいかなとも。
=
話題の割りに私には微妙。ホラー系YouTuberのチャンイケこと池田とフリーライターの小林がファンブックを作ろうとして人気動画の肉付けをしてよりエンタメ要素という名のヤラセをしていく話／作業的に読んだせいか、あまり理解できなかった。幽霊よりも恐ろしいのは人間だよね。池田が体験した音楽の画像の女近づいてくる（？）現象も錯覚だったのかな？！考察サイトがあるらしいので見てみよう。
=
話題の背筋氏、初読み。どれだけ怖いかと覚悟して明るい時間に一気に読了。率直に言って「気持ち悪い、気味悪い」とは思ったがそんなに怖くなかった。(裏表紙のアイツも冒頭の写真も然り)。全体に会話文が多く読みやすかったしがわかりにくい部分が多かった。考察サイトを見てなるほどと思ったし「あなたの番」の理由にゾゾッとはしたけど、やっぱりもやもやが残った。結局人ならぬモノよりも、怨念や逆恨みする人間が一番怖いってことね。ただ、作家さんが「せすじ」と読むことがわかってよかった。「はいきん」だと思ってました…",ホラー,0,1,3,4,0,0,
菜食主義者,ハン・ガン,"元々は独立した３作品を収めているとのことだが、全体を通した長編小説として読んだ。最初の菜食主義者が一番インパクトがある。暗く切ない話だと思って読んだが、第２編、第３編と読み進むと実は主人公は別にあるのかと思えてきた。重苦しいのだが、終いまで読んでしまう魅力があった。
=
面白かった。1章はヨンヘの夫の視点、2章はヨンヘの姉の夫の視点、3章はヨンヘの姉の視点から書かれており、ヨンヘ自身は何を考え、どう感じていたのかが知りたいと思った。客観的にはヨンヘが精神を病んだように見えるが、たいがい自分を守るために姉のように狡猾に振る舞うなどして折り合いをつけるのだろうが、ヨンヘは自分の感情に忠実に生きようとしたからなのか。
=
なんとも色彩が濃い。描写もねっとりしてて純文学な感じ。
=
木を崇める私は小さな衝撃を受けた、哲学とアートとグロさが見事に入り混じった作品。
=
読みやすい。「別れを告げない」と「すべての、白いものたちの」を先に読んでいたので少し覚悟していたのだが、丁寧な翻訳もあってすらすら読めた。といって内容は軽いものではない。肉食を拒否し、ついには水以外の摂取を拒んで緩やかに死に向かっていく主婦。本人は死を願っているのではなく植物、いや一本の木になろうとしているのだがこのため彼女の周囲の人々の人生が静かに狂っていく。夫、義兄、その妻にして彼女の姉。それぞれの一人称で語られる３篇の連作小説。",純文学,5,3,5,0,3,3,
教団X,中村文則,"んん…内容が難しい 最後の文献一覧が多くて驚いた。 性の描写が生々しい
=
約10年ぶりに読んだ。 前に読んだ時は、とてつもない衝撃を受けて頭から離れなくなったことを思いだす。 大学受験でメンタルが死んでおり、自分を保つために全ての人を見下すという選択をとっていたので、高原の思想に引っ張られた。また、人間の本質とは性、悪という、どこか当時の自分を肯定するような言葉に安心したところもあった。 今読んでみると、ラストの芳子の言葉に重みを感じる。どんな事でもいいから肯定し、世の出来事に関心を持ち、良くするための歯車となる。この世界で人間として生きていく上で必要なことだなと思った。
=
なんだこれ！　なんかタイトル聞いたことあったから読んでみたけど、ほとんど理解できなかったような気がする　なんかでも、生きていることは何でもないことだけど、すごく価値があることだと思ったな　性描写多すぎやろとか思ってたけど、なんか人間の本質としての肉欲を描くためには必要だったのかもとか思った　むずいし長いし、読み返すかは分かんないけど、読んでよかったな　よく分かんなかったけど、どんどんページめくっちゃうし、なんか結果として面白かったなと思ってる
=
オウム事件にインスパイアされた作品の中でも、宗教や善悪の問題に対して、割とがっぷり四つで取り組んだ大作。物語の展開にスピード感があり、面白く読むことができた。簡単にまとめると「宗教は世間の倫理に捉われないため、善であろうとしながら世間的な悪にもなり得るが、国家はそれ以上の悪だ」ということになるだろうか。作中人物の行動の必然性をもう少し掘り下げても良かった気もするが、そうすると更に紙数が増えてしまうから厳しいかな。
=
独特の世界観。強いカリスマ性のある人間に魅せられ依存していくと、閉鎖的な思考になってしまう。最初と最後は読みやすかったが、途中はかなり頭の中が？？になってしまった。合う合わないに分かれそうな作品。",ミステリー,5,2,4,0,0,2,
スイート・マイ・ホーム,"
神津凛子","想像していたより恐ろしかったです。最後も予想外の終わり方で、ラストまで一貫して怖かったです。
=
最初は家の暖かさに何かの秘密があるのかと思ったがそうではなかった。ホーム販売の女の怪しさは最初から臭っていたし、一見敵に見える人間が実は味方だったというのもよく見るパターン。 特に目新しいところはないが、話法のおもしろさに惹かれて飽きるところはなかったです。 最後のバッドエンドはちょっと悲しかった。
=
真相は中盤から想定できるが結末にたどり着くまでに何度か意表をつかれる、いい知れない恐怖感があるサイコホラー作品。素晴らしい後味の悪さ。2023年に映画化されているらしく、それはそれでビジュアル的にこわいことになりそう。
=
まさに「オゾミス」と呼ぶに相応しい、ジメジメとして陰鬱な恐怖…。あまりにも辛く、しばらく引きずりそうです…。どうか精神的に余裕がある時に読んで、たっぷりと苦しんでみてくださいね。
=
怖かった。怖い、怖すぎる。念願のマイホームを手に入れた賢二。愛する妻と娘と引っ越した家は寒い長野では快適な暖かい『まほうの家』。 幸せな一家のはずが、家の中に漂う誰かの禍々しい気配。そしてまわりに死者がでてくる。 幽霊、お化け系は苦手なんだよなと読み進めていくと、それより怖そうな事実。途中、浮気している時点で賢二の誠実さに?まーくはつくものの、いやいやおいおいのラスト。重い、重すぎる。一番やばいのは誰なのよ、賢二、奥さん❔","ホラー, ミステリー",2,1,5,2,0,2,
玩具修理者,小林泰三,"二つの作品が収録されており、どちらも生命の蘇生を題材にしている。 『玩具修理者』…何でも修理できる者の話。実写化したら相当グロいだろう。視点人物があの人だったとは。 『酔歩する男』…SF色が強い話。タイムリープがストーリーに絡んでくる。事が起きる前の主要人物二人が狂ってる。 両方とも読んで思ったが、叙述トリックってホラーとの相性がいいね。
=
混乱。この本を一言で表すとこの言葉になる。ひとの頭の中が混乱していく様が再現されている。こんなに人が狂気を感じてグチャグチャになっていく姿が文章によって表現できるのが凄い。
=
酔歩する男。みんな言ってそうだけど、世にも奇妙な物語みたいな話だった。時間流感知領域なる脳内の極小の領域だけがこの作品の創作で、それ以外は現実の科学理論のみで時間移動が可能だというロジックが展開されているため、読んでて気味が悪くなってくる。男2人とも最悪の結末を迎えるので後味もすこぶる悪い。わずか170ページでこれ程までの孤独と苦痛と恐怖と絶望を味わうことになるとは思わなかった。
=
玩具修理者は謎のおもちゃ修理の話。何となくクライヴバーカーの短編とか血みどろホラーでオチや展開も先読み出来るだけに怖い！落語的な面白さもある。で、酔歩する男である。玩具がホラーだったし何となくタイトルから乱歩的な話かと思えば途中から恋はデジャヴのようなタイムループSFのようになりドグラマグラ的でもある。で、後半発狂するようなロジック展開。解説でラヴクラフトが上がってたけどなるほどそんな感じもあるしディックの頭おかしくなりそうな感もある。
=
面白かった。 『玩具修理者』は、登場人物が淡々とグロテスクなことを話すのがクセになった。特に顔の肉が落ちた、という表現が好き。玩具修理者の都市伝説的な不気味さも良かった。 『酔歩する男』はSFチック。世にも奇妙な物語的な怖さがある。過去に行こうとしてタイムトラベラーになったが……という話。真面目な物理学の土台から繰り出されるホラーは面白かった。シュレディンガーの猫が元になっている。 あとがきではラヴクラフトが挙げられているが、ドグラマグラにも似ている気がする。不思議な本。",ホラー,0,5,3,3,0,0,
Jの神話,乾くるみ,"途中までは良かった。でも後半の現実離れしたところが興ざめ。一気にわけのわからない気持ち悪い話になったので、二度と読みたくない。
=
苦手とする人は全く受け付けないだろうし嗜好として好きな人には満足できる作品かと。女子校という生々しさを含む閉塞された場所で起こる事件が予想外のクライマックスを迎える件は一気読み必至だしミステリとしても(ラストはさておき)非常に素晴らしく感じた。
=
なんていうか…めちゃくちゃメフィスト賞っぽい作品だった！トンデモ具合が、賞の前身である『姑獲鳥の夏』を彷彿とさせて、途中の染色体の話もわけわからないながらもなんとか飛ばさず読んで。思ってた話と全然違う展開になったけど、面白い。面白いけどキモい。キモいけど、途中でやめられなかったので、もはやJの神話に取り込まれてるかも。未知の生命体が繁殖を試みる、というつながりで『リング』読みたくなってしまった。
=
エロバイオレス同性愛SFとてんこ盛りで、食べ過ぎで吐きそう☆乾くるみのデビュー作をがっつり味わいました。主役の女探偵［黒猫］の扱いが雑すぎて残念。鮫島医師の純愛ゆえの事件だったのでしょうが、彼が殺された理由も分からず。？？ばかりでした。
=
発表された当時も、そして今も(というか今だからこそ非常にセンシティブな内容を扱ってるというか)、読んだ人を困惑させ、いいのか？これは...という気分にさせる。まさに問題作という言葉が相応しい一冊です。",ミステリー,5,3,4,3,3,0,
ファミリーランド,澤村伊智,"面白かった、が強烈な話揃いだった。最後の愛を語るより左記のとおり執り行う、が一番好き。科学が発達したことにより文化が失われているのがユーモラスに書かれている。
=
近未来の家族や人間関係をテーマに置いたSF 本当に近い未来に実現されて問題になりそうな雰囲気を感じさせるコンピューターお義母さんが秀逸 それ以降はディストピア的な空気感漂う作品が強め
=
家族の厭なところを煮詰めに煮詰めた近未来SF短編集。地続きになりかねない、すぐ側のデジタル社会が描かれていて息苦しくなった。過干渉と監視という要素が克明に抽出されており、安易なDXやAI化は凄まじい地獄社会を生み出しそうだな、とげんなりした。収録作の中でも特に「今夜宇宙船の見える丘に」の問題作ぶりが凄い。介護、貧困、年金問題に地球外生命体とのファーストコンタクトをぶち込むという荒技を、皮肉な整合性をもってオチまで書きのけた意欲作。
=
昨今の技術進歩が日常に溶け込み、一般化するというのが近未来という形で描かれており、またそこに澤村さんの人間の怖さが合わさる事で、直球的な怖さというよりも、不気味な雰囲気を終始放っているお話だった。
=
怖いと言えば怖いんだけど、「この世で一番怖いのは人の心」みたいな怖さ。ホラーは好きだけどSFは読んだことがないって人におすすめかな。","SF, ホラー",1,3,3,0,0,2,
墓地を見下ろす家,小池真理子,"30年前のホラーなのでそこまで怖くはないだろう・・・という想像をはるかに超えて怖かったです。読み継がれるホラーにはちゃんと理由があるのだなあ。恐怖の求心力たるや。ページをめくる手が止まらない。そして未読のページがどんどん減っていくのに話の終わりが見えない・・・そして絶句。絶望。好きなホラー小説が増えました。いやあ。怖かった。
=
霊なのかなんなのかわかりませんが、それが強すぎてちょっと反則級でした。なんでもありルールは時代のせいでしょうか。かなり古い本作。怖さというより霊の強さを感じました。どうして一家にこだわるのか、何が目的なのか。とか、そんなのどうでもいいほどの強さ。
=
ジワジワ怖い系かと思ったらパニックものになって最終的にサバイバルになった…。 良くも悪くも一昔前のJホラーって感じの展開とオチ、途中の謎の光線で人が蒸発するのとか含めて霊が強すぎるなと。
=
背筋がぞくりとする描写がただただ恐ろしい。周りの訴えを真に受けない両親にやきもきするが,自分でも体験しなければ信じられないんだろうな。自殺した元嫁の存在が気になったが深掘りされず,やや消化不良ではあるが,原因が分からないのもまた恐怖。
=
都合よく逃げられるのか、何か対峙するものが現れるのか。結局何も分からんかった。得体の知れん状況も原因も、ここの家族が狙われてたんか残ったのが仇になったんか。それすら分からんまま。まぁこの家族もそんな気持ちやったろう。最期どんだけの恐怖を味わったかって考えたら怖いな。墓地が見えるからって直接関係なさそうやけどやっぱ隣接してたから？怪異たちの目的が謎。",ホラー,1,1,0,5,0,0,
アルマジロの手,宇能鴻一郎,"官能的、という惹句に誘われて…。たしかに。すべての話にフェチズムがある。それに、とても美しい文章。官能的であると同時に、滑稽であったり、不気味であったり、おそろしかったりする。「蓮根ボーイ」がこわかった。「鰻池のナルシス」は鰻を食べるのが好きで好きでたまらない、というだけでも、けっこう気持ちが悪い。おもしろかったです。
=
食欲と性欲と旅のしくじり。メキシコの異国情緒あふれる恋愛譚から戦慄の結末を迎える表題作に、日本の衆道史を枕にインドの美少年に人生を狂わされた男の「魔楽」まで、耽美で破滅的な世界が描かれる。旧友との苦い再会を旅情感たっぷりに描いた「海亀祭の夜」が個人的に好み。
=
男色あり近親相姦あり…と書くと単なる官能小説かと思われるでしょうが、ベースにあるのは人間の根源的な欲望を、より濃厚に、より剥き出しに描いた文学作品集です。
=
どの物語もドキっとするような内容。食、性、人間の本質を色々な立場から記してあります。ちょっと怖い話もありましたが、かなり引き込まれました。
=
表題作は純粋な怪奇小説である。他にも怪奇小説ではないが、近しい要素が見え隠れしながら、著者らしい淫靡さに溢れた独特の世界が展開されており、なかなかに読ませる。官能小説はともかく、他にも良い短篇が読めそうな期待を抱かせる短篇集ではあった。","ホラー, 純文学",5,4,5,3,4,3,
姫君を喰う話,宇能鴻一郎,"谷崎潤一郎の作品が好きな人は読むべき短編集です！私はその理由でオススメされたのですが読んで正解でした。官能さ、フェチズム、描写の濃密さ。読者を物語の世界へ引き込んでいく冒頭の巧みな導入もお見事。
=
イヤそ〜な視線を送る表紙が気になり、何となく手にとる。まるで文字で猥褻を視ている感覚とでもいうのかな。それでいて読みやすく流れるように進んだ先に悲哀もある。70年代前後の作品で編集はされているが、それほど女性が虐げられてる感もないので、イヤ〜な気持ちにはならなかったな。
=
掲載されている短編はどれも、官能的でありつつも、ストーリーは面白く、文章も美しい。冗談のようなタイトルの「ズロース挽歌」ですら、一人の男の悲哀に満ちた人生を見事に描いている。そしてなんといっても芥川賞受賞作の「鯨神」の、圧倒的な熱量で人々の生を写し取った筆致に圧倒された。
=
表紙の姫様の憂いを帯びたような哀しげな表情に惹かれジャケ買い。読む人間の心にズバッと迫ってくるような、人間というものの美しさとおぞましさをこれでもかと見せつけてくる感じの短編集。特に表題作の「姫君を喰う話」「花魁小桜の足」「ズローズ挽歌」が印象的。全体的に村社会の光と闇を描いてるのかなと思いました。
=
これはやばい作家に手を出してしまった、という印象。R18とも言うべき濃度で性に触れる内容だが、いやらしいというよりは命の、そして性の真髄、なんだろうな、と。楽しく幸せな性ではなく、暗く、哀しく、秘匿すべき重い性についての話ばかり。そうはありたくなくても、そういう本能をもって生まれてしまった男女の苦しみが胸に刺さる内容。文学的にエロを語る作家という認識しかなかったが、こんなにも暗く、そして深いとは知らなんだ。人としての哀しみの深淵を覗き見たいのであれば、「リソペディオンの呪い」は必読ではなかろうか。","ホラー, 純文学",5,3,5,2,3,2,
日蝕・一月物語,平野啓一郎,"擬古文体で中世ヨーロッパの魔女狩りを描く『日蝕』は、鷗外のパロディを読んでるようで、別に現代を写し鏡的な世界でもなく、なんで日本人のおれがいまこれを読まなきゃいけないんだ感が終始拭えない。『一月物語』は、今度は泉鏡花という感じだが、こっちはまだ伝統的な幽玄の世界を堪能できるので楽しくはあった。
=
中世ヨーロッパとキリスト教の設定だけでも難渋するのに、言葉の嵐のような文体に翻弄されまくる。私日本語ネイティブだよね？って疑いたくなるほど…。何を読まされてるんだ？といも思ってしまう｢日蝕｣と焚刑の迫力にも慄くが、｢一月物語｣も突然命懸けの大恋愛が展開されて唖然とさせられるのに、死の淵刹那の情景と一振りの剣だという台詞の臨場感に納得させられてしまう！こんな秩序立った暴風を書ける(描ける)っていうのは、普段どんな世界が視えているのか…。
=
こういう文体や言葉づかいには全く慣れていないのに、読めば読むほどリズムが馴染んで癖になり、気づけば話の展開に引き込まれる。 それは見てはいけないものをつい見てしまったり、つい追いかけてしまうような感覚と似ているように思う。登場人物たちもそうして人知や理を超えたものに出会い、追い縋ってしまうのだろう。典雅な描写にうっとりしてると、時計の秒針が狂うようにいつのまにか狂気に連れ込まれていたりする。 向こう側から呼びかけられた時、私たちはそれに従わずにいられるのだろうか。
=
何かを求めて旅をし、ついに真の何かの対象に出逢う青年主人公の物語り2篇。それは、『日蝕』の洞窟の中の両性具有者であり、『一月物語』のお寺の庵の中の美女だった。出逢った対象の姿、心を虜にする魅力が、青年が感じるままに描かれている。　　これが何とも想像力を掻き立て、読み落としが無いよう夢中で読んでしまった。古文のような文章で正直読みにくいし、スマホで漢字の意味をいくつも調べる必要があったけれど、これらの作品には現代文よりも合っているのだろうと思う。
=
読みづらくて挫折、寝かせてからふと読み始めたら止まらなくなった。「日蝕」「一月物語」ともに幻想的でありながらミステリー要素もあり、また哲学的な思索も流れていて、特に「一月物語」は人間の意識のあやふやさとかが描かれてて心地よくくらくらした。","ファンタジー, 純文学",4,2,2,2,5,2,
粘膜人間,飴村行,"作者は大丈夫なんだろうか…私もかなりキツイ作品を何本か読んでいるが、この作品はなかなかキツかった。ずっと読みたかった作品ではあるが、再読したいかと言われると難しい。拷問の表現が凄かった。なかなかここまで描けない。最後の終わり方が腑に落ちないというか尻切れトンボというか、もう少しどうなったのか書いて欲しかった。
=
内容はグロい部分が多いがそのキャラクターが空想のキャラなのでホラー要素は和らいだ
=
文字だけでここまで想像させて不愉快にさせるのはすごい。不愉快というよりも少し興奮している自分もいたかもしれない。そう考えると少し怖い。
=
ゴリゴリのエログロ。 グロ耐性あると思ってたけど、初めて小説で気分悪くなった。 最後までどうなるんや？と思って読んでたけど、オチあれかぁ…とちょっと肩透かしくらった気分。 でも設定は奇想天外、激烈で面白いと思った。
=
グロいのに読む手が止まらなく面白かった。最後の感じを見ると続きがあるのかな？と思った。","ファンタジー, ホラー",5,5,4,1,0,0,
粘膜蜥蜴,,"奇天烈な世界観とエロ・グロ描写。その上に魅力的なキャラクター達。どんでん返しと言えるミステリ要素も見事であった。所々で笑える描写もあり、読む手を止めずに楽しめる作品。
=
内臓を直接刺激されるかのような厭さ。『粘膜人間』のエログロを踏襲しつつ、さらに新たなフィールドに持ち込んでいるように見える。ミステリ的な側面がある分、純粋な描写では前作の方が強いが、読んでいる時の楽しさで本作は勝る。かなり好き。
=
エログロ面白かったです。突拍子もない展開なのに、全てが繋がっててラストに驚きもあり良かった。グロ描写の書き方が凄い
=
湿気を帯びたような独特な世界観。好きです。 特に好きだったのは2編目。未開の地を進む恐怖が伝わって、読むページが止まらなかった。 中編(？)集だけど繋がりがあるので長編として楽しめるのも嬉しい。 
=
前作と同じくエログロナンセンスで不道徳の極みなのだが、この世界観は他では味わえない。病院の不気味な地下室、巨大ミミズやゴキブリが跋扈する密林と場面転換が早く、しかも命の軽いこと。あまりのドライさに恐怖や嫌悪もかすんでしまう。一方で雪麻呂と富蔵のとんちんかんな会話やでんでん太鼓の応援歌には笑ってしまった。ただ、最後は大きな愛が示されて神妙な気持ちに。雪麻呂と富蔵は寄り添ってヘルビノの村で一緒に生きていくんだな。傍若無人で愛を知らない心も変わっていければいいな。","ファンタジー, ホラー",5,5,4,1,0,2,
粘膜兄弟,,"拷問シーンとかグロすぎてキツかったけど、登場人物の掛け合いとかけっこうおもしろかった。トランプのくだりとかかなり笑えた。あんなふうに和気藹々と暮らし続けてほしかったなぁ。ヘモやんも亀吉も良いキャラだった。黒助のせいで矢田吉の人生が狂い始めたと考えるとなんか切ない。
=
前2作ほどの重厚感はなく大変読みやすいが、その分毒は薄い。でも読み始めれば粘膜ワールドを充分に堪能できるかな……例によって何が粘膜なのかよくわかんないけど。 ヘモやんはスゴいキャラで、フグリ豚も強烈。 とは言うものの総合的な評価でいうと、うーんて感じ。
=
今回も人には気軽に勧められない内容…ただ毎度おなじみ拷問シーンはこれまでのものより軽い。だけど気持ち悪い！可哀想！と思いながら読みました。飴村氏の作品には理不尽な暴行シーン、不愉快な人物が多く出てくるので毎度イライラするが何故か読むのをやめられない。最後がよくわからなかったのでもう一度見てみようと思います。今回の作品多くの女性読者は引くんじゃないのか…？
=
粘膜シリーズ恒例のグロテスクで奇特な世界観はかなり薄味のように感じましたが、他と比べて遜色なく面白かった。個人的にはかなり嬉しかったですね。何故なら、この作者は独特な世界観に頼らずとも普通に「ただただ面白い話を書くのがめちゃくちゃ上手い人」ってことですから。
=
本作は相変わらずの粘膜シリーズで、グロ、ギャグ、不条理の波に酔える。突拍子もない展開の連続で、作者はどこまで計算しているのだろうか。最後は一応伏線回収出来ているのだが。ラストは輪廻しながら、兄弟で争うというオチは、深読みすると、神話のようにも見えるかも… 若干前作からは勢いが落ちている気もするが、ヘモやんの変態性と、亀吉のかわいさは一読の価値がある。","ファンタジー, ホラー",5,5,4,2,0,0,
粘膜戦士,,"『鉄血』は丸森と金光大佐の掛け合いがおもしろく、そこから一気に引き込まれた。その他の話も、どのように展開するのか予想がつかず、笑えたり、物悲しかったり、気持ち悪かったりで、かなり濃密な一冊だった。
=
これまでの粘膜シリーズに繋がるスピンオフも収録された短編集でスラスラ読めた。耐性がついてきたのかグロさも軽く感じた。個人的には「肉弾」の嫌なラストシーンと「石榴」の甘美で虚しい感じの話が好きだった。爬虫人って実際に見たらかなり怖いんだろうな。
=
4作目にして一周回って帰って来ましたね。ほんと、異形の者と掛け合わせ、異常な性癖を織り交ぜた世界観が面白かったですね。
=
この作品にこそ黒い愉悦を感じる。また、恐怖の背後からユーモアが滲み出ている。
=
どれもおぞましく、ヌメヌメと液体のような不快感を味わえる。身体が痛くなる『鉄血』や『極光』、ラストシーンの苦味が印象的な『肉弾』がお気に入り。唯一無二のこの世界観がたまらない。","ファンタジー, ホラー",5,5,4,2,0,1,
むらさきのスカートの女,今村夏子,"「わたし」は一体誰なのか、実在する人間なのかむらさきの女自身の可能性も考えながら面白く読み進めた。いろんな解釈の余地を残したラストだったけど、これはこれでいいような気がする。表紙絵のスカートは紫じゃないけどしおりの紐は紫なこともこの本のうっすら気持ち悪い感じとよく合っている。
=
なんだか不思議な話。 ずっとむらさきのスカートの女を観察している人物。不気味だ。
=
私が人にしたくないこと、されたくないことが全部文章化されてそこにある感じの本でした。開始早々ちょっと気持ちが悪く、読後はだいぶ嫌な気分になりました。ストーカー被害に遭われたことがある方はもちろん、まわりの視線が気になるような方は読まない方が良いと思います。収録されているエッセイもだいぶネガティブ。
=
なんというかあっという間に終わった。不思議な物語。だけど、なんとなく引き込まれる感じは何だろうか。語り手はいったい誰なんだと思いながら、物語はむらさきのスカートの女を追い続ける。徐々に変化していくそれは、大切にしていたものが自分の手から離れていく感覚だろうか。 ただ、そこに失望はないように見える。その事実を淡々と受け入れていくような。執着していたものが手から離れて行ってもなお、変化しない姿勢が何かを表しているようで。
=
完全にストーカーだ。何でそんなに人の事が気になるのか？そう思いながらも先が気になってどんどん読み進めてしまう。紫のスカートの女を詳細に観察する語り手の人物は存在が希薄でもしかしたら存在してないのかも？同一人物？と思ってしまう。自分の生活全て投げ出しても執着する気持ちはストーカー同士なら理解出来るんだろうか？",純文学,0,0,4,0,0,0,
魚籃観音記,筒井康隆,"「魚藍観音記」スラップスティックなエロチック・コメディ。「市街戦」非日常の中で日常を過ごすことのナンセンス。「馬」人間の娘に見える馬の話。「作中の死」物語のモデルとされた男が虚構に取り込まれる悲劇。「ラトラス」知能を持ち、大型化したネズミの物語。「分裂病による建築の諸相」かなり危ういブラックなコメディ。「建物の横の路地には」少し怖いファンタジー。「虚に棲むひと」気になる彼女は小説の中に棲む人。恋の行方は？「ジャズ犬たち」哀愁漂う動物ファンタジー。「谷間の豪族」少し不気味な感覚の幻想小説。
=
良くも悪くもぶっとんだ短編集。表題作の「魚藍観音記」からして頭おかしい（褒め言葉）。短編集を出版するとして、この話を冒頭に持ってくるだろうか。「馬」と「ラトラス」、「分裂病による建築の諸相」が良かった。
=
ポルノあり、ブラックユーモアあり、ホラーあり、不条理あり、SFあり、散文詩あり…。いつもながら筒井さんの多岐に渡る作品群の面白さと、その完成度の高さに敬服です。個人的な好みも大きく影響するかと思いますが、一冊に収められた短編全てが面白く読める作家というのは他に類を見ず、毎回色んな意味でどきどきさせてくれます。珠玉揃いの中で特に気になったのは散文詩的な色合いが強く、何処かファンタジックな魅力に溢れた「建物の横の路地には」と、知能を備え巨大化したネズミが生きる世界をSF的に描いた「ラトラス」の二編でした。
=
パプリカしか読んだことなかったがこの短編集、ぶっ飛んでてびっくりした。 表題作の言葉のテンポが見事でとんちもきいててすごいが、内容は始終エロなのであまり好きになれない。
=
良くも悪くも表題作に尽きるというか尽きてしまうというか。只の下ネタだと言われればそれまでなんだけど、圧倒的な描写とスピード感で一気に読まされた。でも徹頭徹尾下ネタ、というのがいかにも筒井さんらしい。他のだと「分裂病による建築の諸相」が良かった。","ファンタジー, 純文学",5,0,3,0,0,0,
国境の南、太陽の西,村上春樹,"アラフィーに差し掛かり、村上文学の深さがわかりはじめたような気がする。 年齢によって同じものでも見える景色が違うことは歳を重ねるごとに感じます。 この小説は、恋愛、結婚、育児、仕事を一通り経験した今になって読むと心の琴線に触れる内容。誰しもが主人公のような内面を多かれ少なかれ抱きつつ、倫理観や価値観でそれを表に出さずに生きていると思う。登場人物、特に主人公の心の葛藤を深く描写した作品で、少し時間をおいてもう一度読み返したい作品となりまた。
=
登場人物の誰にも感情移入できないタチの作品。島本さんは希死念慮だと思って読んだ。島本さんが現れなくなったところで、島本さんのこともイズミのことも心に留めたまま、きっとこの先破滅するんじゃないかと思う。それにしても主人公がずっと自己中心的で、最近読んだ村上作品随一といってもいいぐらいの屑っぷり。別にそれが本作の是非に影響するわけでもないのだけれど。
=
めちゃくちゃよかった、と同時に、どうしようもなくダメだなとも思います。まず、身勝手な男のロマンを内在的に描き出す能力はやっぱりずば抜けていて、それがこの作品では純粋に研ぎ澄まされていて、僕の中のロマンティックで身勝手な部分は刺激され続けました。しかし、その身勝手さが、十分な距離をもって批判的に扱われていないところに、作家の未熟さを感じます。たとえば、イズミを傷つけたあとに「僕は自分自身を深く（中略）傷つけたのだ」なんて、ちょっとひどすぎるでしょ。
=
村上春樹さん、そんなに読んだことが無くて、難しそうなイメージが勝手にあったのですが、読みやすかったです。これが噂の村上節、みたいなのは思いましたが(笑)バーを経営するハジメ。高校生時代に傷つけた彼女への思い。小学生時代の忘れられない相手・島本さんとの再会。そして奥さんとの間で揺れ動く。ノスタルジックでロマンチック。雰囲気は好き、だけど、自分が女のせいか、なんだかちょっぴり複雑な気持ちでの読了。島本さん側が、どういう人生だったのかが気になりました。描かれないからこそ良いのかもしれませんが。
=
春樹氏の作品は多義的な読み方の余地がありますが、この作品はそうではなく、シンプルな問いを直接的に突き付けてきます。そして私には刺さらなかったので、私にとっての評価はかなり低いです。ただ、タイトルは示唆的です。二つの境界の先つまり<ここ>とは違う二つの世界があるように思いますが、片方は美しいが幻で、片方は存在するが凡庸だという事実は、閉塞感でやれやれとつぶやくには十分な理由になります",純文学,5,0,1,0,0,4,
瓶詰地獄,夢野久作,"無人島に漂流した１１歳の兄と７歳の妹。手紙を瓶詰めにして海に流し、生き延び、数年後やっと救助船がきたと思ったら身投げしてしまう。兄と妹から男と女に成長した２人の葛藤に、美しい絵が官能的で地獄でした。
=
彼らの愛は崇高なのか、狂気なのか、はたまた罪なのか。すべては読者の想像力に委ねられる。短編なのに果てしなく深くて重い。乙女の本棚シリーズは美しいイラストと、おどろおどろしい話とのコントラストが絶妙。
=
楽園に閉じ込められた兄妹の話。絵も文も好き。やはり対比が上手いなあと思う。第一第二の手紙の懊悩に対し第三の手紙の2人の純粋さ。先に大人になった兄と無邪気な妹。狂う描写も迫るものがある。日暮れの岩場の恐慌のあと、安息の象徴である小舎が燃えていた絶望感。別々に眠る時の眩惑と、信仰に根ざした罪業感。どこまでも濃密で甘い南国の果実。やっぱり悪魔の島流しだよなぁ……。
=
無人島に漂着して生きつづける兄妹の物語。成長とともに揺れ動く二人の間の微妙な空気感。変わっていく兄の独白。狂気と絶望の狭間で、禁忌の世界へ墜ちていく。生きるために。イラストも文も綺麗で残酷な地獄だと思いました。
=
短いから読み易い。世界に流布する始祖兄妹神話と、ﾕﾀﾞﾔ·ｷﾘｽﾄ教的楽園追放神話のｲﾒｰｼﾞが重なり合う。南国の花鳥風月の絶妙に毒々しい、刺すような色彩が甘美な地獄を際立たせる。絵は彩度をやや抑えているせいか上品で、不思議と雪国すら思わせる静謐なﾀｯﾁ。",純文学,3,0,1,0,5,3,
外科室,泉鏡花,"なかなか理解しにくかった。綺麗なイラストと文を見比べてなんとなく理解した。ロマンチックなイメージがあったので読んでみると、ある意味男女のお伽話で、耽美に儚く描いているのだろうと思う。
=
近代文学で1番好きな作品。麻酔を打たないと手術できないのに、頑なに拒む理由にグッとくる。文章もすごく流麗。幸せな結末では無いけどいつも綺麗だと感じる。何度でも読み返したくなる。
=
明治の価値観をそのまま描き出しているような、美しさと醜さが混在した物語。過激な描写とは思いつつ、グイグイ引き込まれる文章が印象的。
=
文語体なので正確には把握してないだろうけど、怖くて美しい…！外科手術を受けることになった伯爵夫人は頑なに麻酔を拒む。理由は、麻酔中に譫言で秘密を言ってしまうから。夫にそう告げたそれだけでもう、言ったも同然、待つのは死しかなかったのか。秘めた想いの相手は手術を受け持つ医師。身分違いの恋なのですね。「痛みますか」「いいえ、あなただから、あなただから」「でもあなたは私を知りますまい！」そして自ら胸を掻き切る。医師の答えは「忘れません」この部分、震えますね。堪能しました。
=
長年の秘密を譫言で吐露することを恐れて麻酔を拒む伯爵夫人の手術が、意識を保ったまま始まる。どろどろした展開になるかと思いきや意外にも純愛小説。でも、私には美しい恋慕よりも極端な執念に見えてしまった。悲劇のヒロインに酔っているような夫人に若干の拒絶反応が生じる。麻酔を拒んだ理由が「彼の手を生身で感じたい」だったら、歪んだエクスタシーに興奮できたかも。静寂の中で静かに響くクライマックスの医学士の台詞には鳥肌が立った。今まで読んだ乙女の本棚シリーズで最も読みづらいが、脳内に心地よく響くリズミカルな文章は好き。",純文学,1,4,0,0,5,5,
桜の森の満開の下,,"坂口安吾をきちんと読んだのは初めて。思ってたよりもとっつきやすかった。今まで桜の美しさに恐怖を感じたことはなかったんだけど、美しいことと孤独さって何か通じるものがあるのかもしれない。予想してた内容よりもだいぶ刺激的なお話で、桜が満開になる季節が来るたび毎年思い出してしまいそう...。
=
桜の花が咲く時期になると思い出す物語。人は美しさを夢見て恋焦がれ、その儚さに己の醜さと孤独を思い知る。そして今年の桜も、ひとときの夢のごとくに散っていく。
=
現代は桜の下でドンチャン騒ぎが定番だか昔はそうではなかった。桜の下に居るだけで恐怖の場所だった時代。山賊がある日絶世の人妻を連れ帰り自分の女房にする。しかし、女は美しさと同等の我儘と残忍な性格を持っていた。女の欲望を満たすために都へ移り住む。女の欲望がエスカレートしていく話。美女なのに人の首で遊ぶというえげつない対比が半端ない。恐怖を知らない男が桜の下で女が鬼に見えたシーンでやっと感情に恐怖という名がついたんだろう。桜の幻が見せてくれた感情。桜は綺麗だけど人を惑わす不思議な存在。
=
美しいイラストとグロテスクな文章が、ゾッとする魅力を醸し出す一冊。
=
桜の美の下に魔が潜む、桜に魅入られ、妖しく耽美な夢に呑まれて狂死。なるほど堪らん。恰も男だけがまともであるかのような空気を出してきた終盤だが、言われるがままに夜な夜な人を殺めては首を持ち帰り、妻が生首を集めて遊んでいても引いていない時点で、破れ鍋に綴じ蓋でしかない。きっと人は斬れてもケーキが切れない部類のアレなんだろうなぁ。",純文学,1,4,2,3,5,2,
魔術師,,"どこか怪しくて、でも魅力的な世界観。彼の女は、一緒に堕ちて幸せなのか。
=
幻想小説。谷崎潤一郎は倒錯、変態の世界ですが、現実生活をリアルに書く作家だと思ってたので、意外に思って読み進めましたが、最後には「やっぱりね～♪」と笑っちゃいました！
=
描写が細かく、妖艶さが溢れていて結構ドキドキしながら読めたのだけれど、最後の終わり方が唐突でびっくりした。え、あ、そう……おわり？！ってな感じ。女の恋は一途で重くてどこまでも執着していくのに対して、男の恋は見掛け倒しで気移りしやすくて〜という話なのかな？
=
妖艶な谷崎潤一郎の世界。彼と彼女の愛情が試される公園の魔術の館。魔術師のまやかしに負けない彼女。やがて、まやかしに負けてしまう彼。ではその魔術をかける魔術師は、一番弟子すら魔術の犠牲とし、自分への隷属をまやかしの中で得ることが快楽なのだろうか。もしそうなら、最後に、彼女が自ら彼のために自分を捨てて魔術にハマり、彼を絡め取ったとき、そして二人が二度と離れなくなったとき、魔術師は何を思ったろう。
=
美しいものと醜いものが一緒になっているような、正反対の要素が合わさったものに惹かれる人はよく見かけるけど、この本にもそんな感じのことがよく出てくる。凛として涼やかな主人公の彼女が半羊神になる場面などその代表だと思う。主人公曰く「醜く呪わしい半獣の体」になっても尚、一途さと激しさを失わない姿には人間の時とはまた違った美しさを感じた。舞台となった場所は作者の考えた架空の世界だけれど、読むかぎり夜中に見た遊園地みたく、ごたごたとした作り物めいた美しい場所なのだろう。",純文学,0,0,1,3,4,1,
人間椅子,,"これは完全なる創作か、はたまた真実か。何度読んでも不気味で胃のあたりがギュッとする。狂気と倒錯のエロティシズム。謎を残した余韻も良し。
=
読み始めたらノンストップ。 ページをめくる手が止まらない。ラストが近づくにつれ募る気持ち悪さ。まさか、まさかそうじゃないよね！読了後も暫くおどろおどろしさが残った。名作だが、当分読まない。
=
やっぱり読み返しても気色悪いですな。 美しい絵が余計に不気味さを強調しています。これも乱歩なんだよなぁ。
=
物語にすっかり引き込まれ、窓の外を覗きたくなった瞬間に二通目の手紙が届く。やられた。そういうオチなんだ。これは、面白かった。なんだかキモいなぁーとゾワゾワしているところでこれか!これって信じていいんだよねと確認したくなった。
=
本を開いた瞬間から異次元世界に引き込まれる。そこは漆黒の空間、重厚な存在感を放つ椅子の中に潜むのは椅子職人だ。様々な人の皮膚や骨格を優しく受け止め、椅子職人の温もりを絡ませる。そしてそこに座った一人の女性への思いが募り、熱い恋文を託すのだが・・。おどろおどろしく生温い風が揺らす不気味さ。ホノジロトヲジのイラストには身震いが止まらず。",純文学,4,1,5,0,2,0,
刺青,,"美しいけれど気持ち悪さがあって、畏まった文体にある気持ち悪さをどう考えたらいいのだろうと毎回悩みます。
=
女は苛烈な性分を持っていたが、親の死と没落によって心を偽るようになっていた。その隠れた性分を清吉のエゴで引き摺り出したというのが作品の流れとなっている。女は作品冒頭で書かれているように卑屈な醜い弱者から美しい強者へと生まれ変わった。刺青前と後で女の態度が大きく違うのは、別の人間になったことを表しているのだと思った。
=
倒錯した美への憧れと誉れ、谷崎節全開の短編です。
=
美しく写実的な日本語には惹かれるのだけど、なんせ、表現しているものがことごとく苦手なヤツ。好きと嫌いが相まって、非現実な世界観。具合が悪くなる。
=
谷崎潤一郎の甘美で毒気のある世界に浸れた。",純文学,2,1,1,0,5,0,
秘密,,"秘密がバレればより一層、魅力がなくなって見えてしまうのだろう　秘密を暴くほうも暴かれたほうも冷めてしまうのは何とも皮肉
=
秘密ってのが人を突き動かし、それがなくなってしまうと冷めてしまう。変態さ、残忍さの根幹にあるもの。絵との相性抜群でこれぞ耽美主義って感じだ〜と思いつつ読了。
=
谷崎潤一郎作品は初めて読んだが、なんとも言えぬ官能的な雰囲気と不穏な空気に虜になった。
=
なんて勝手で艶やかで退廃的。昔の女に再会するシーンまでは秘密を持つ者側の視点でスリルと愉悦と少しの優越感を感じる主人公が、その後は秘密を持つ女に絡め取られ幻想的な夜を重ねながらも、秘密を暴いて現実がわかると冷めてしまう。しかも別の性癖に目覚めて墜ちていく様子にゾクゾクしました。
=
秘密ほどそそられるものはない。自分が秘密を持った時の隠した優越感もたまらない。あからさまな描写がないことで淫靡さを引き立てる。",純文学,1,0,0,0,4,4,
人でなしの恋,,"妻だった女性の語りは亡き夫への罪滅ぼしでした。「人でなしの恋」とは、この世の外の恋のこと。夫は命のない、冷たい人形に恋をしていました。真実がわかった妻は人形を滅茶滅茶に叩きつぶしてしまいました。こんなことになるなんて・・・　恋も嫉妬も人を狂わせます。人でなしにしてしまいます。
=
本作についても「怖い」、「不気味」という印象を持ちました。若い娘が、旧家の美男子と結婚する。夫は妻を可愛がり、妻は幸福であった。しかし夫は、周囲が寝静まると、夜な夜な寝室を抜け出した。やがて気になった妻は、夫のあとをつけることにする…。語り口が非常に面白く、あっという間に最後まで読んでしまいました。今まで食わず嫌いで、ほっこり系しか受け付けませんでしたが、怖い話もいいかも…！
=
誰が人でなしだったのか、妙に引っかかるのですが、亭主が焦がれる相手の正体を知ったとき、猟奇的なものを感じました。 それもじわじわと核心に迫り、破綻で幕を閉じるところが、江戸川乱歩流でしょうか。
=
やっぱりこの狂っている世界観が怖くて面白い。
=
人形に恋をした男とその妻の話。美男の旦那とその愛情を受けた人形を線の細く儚いイラストで表現しており、鳥肌が立つような感覚に襲われた。人形のイラストが不気味で最後のシーンなど、おどろおどろしいの一言に尽きる作品だった。",純文学,1,0,4,1,3,4,2025年6月19日
ぼぎわんが、来る,,"第一章のぼぎわんらしきものの登場が怖かった。そこから時を経てぼぎわんが接近してくる過程や、そもそもぼぎわんが何なのか突き詰めていくところ、ぼぎわんから標的として狙われているのか謎解きしていく過程が恐怖を駆り立てる。文章で頭の中に絵を描写させる筆力がすごい。 最後がアクションっぽいのがなぁ、そこだけなんか違う形でいけなかったかなぁ。
=
その常軌を逸した怨念もさることながら、語り手を変えて判明する意外な事実に背筋が凍った。戦闘ではなく智略で解決していれば尚良かったが、それでも続きを読みたいと思わせる魅力に溢れていた。
=
オカルト異能力バトルって感じだった ホラーではなかったけど、ファンタジーとかアクションものとして考えたら面白かった
=
ぼぎわんが日常を侵食していく様は確かに恐ろしかったですが、背筋が凍るような恐怖小説…というよりも民俗学などからぼぎわんの正体に迫っていく展開や、登場人物の本性が意外なものだった事実などミステリ要素があってホラー初心者でも非常に楽しめました。あと単純に比嘉姉妹がかっこいい。
=
とても不快で、とても素晴らしい傑作だった。 そして、僕はこの作品で2度殺されました。 まず1度目の殺害は、夫婦の描写。 イクメンを気取る秀樹と、それを冷ややかに見つめつつも、日々育児で摩耗する香奈との対比。 特に第一章で家族を守るために奔走しつつ、彼なりに育児に励む描写が、第二章で香奈の視点になると、全否定という鬼畜っぷり。 読んでいて、まるで自分のことを言われているようになり、胃が痛くなる。 ",ホラー,0,3,0,5,0,0,
のぞきめ,,"村に行ってからが長い。民俗学ミステリ、村ミステリ好きなので、村に行くまでは、面白かったんだけどな…残念。 語り手がコロコロ変わるのも、割と好きなので本当残念。前置きもくどくて長いです。 これで映画作ったら、そりゃあ退屈だろうなぁ… とにかく、終盤で途端にペースが落ちてしまいました。 ところで、想一が祠で見たものは、本当は何だったんだろうね？今まで、寸でのところで止めていた恐怖を、絶叫してしまうほどのものだよ。
=
わあ、これは怖かった。ホンマにぞわぞわした。ホラーは好きやけど、序章に本を読んでいる最中に、普段は感じない視線を感じたら、本を閉じる事をお勧めしますって、この一文だけで充分に怖いよ。普段は夜寝る前に本を読むけど、テレビつけっぱなしで、しかも、朝から読んだし、怖いって感じたら飛ばし読みもした。でも、朝から走るランニングで、誰かがつけて来ているのではと、何度も振り返ってしまった。話の内容も怖かったけど、些細な音が気になって仕方なかった。幽霊は絶対に見たくはないが、こういう、視線を感じる怖さもたまらなく嫌やわ
=
現代と50年以上前の２つのエピソードをまたいで、ある土地の人を覗いて狂わせる不穏な怪異が立ち上がる。怪異(ホラー)と悪意(ミステリー)が混然一体になりつつ、最後は悪意の部分を解きほぐし、怪異は怪異として残す不穏さが、やっぱ三津田さんのすごいところだ。そして、見られたり、追いかけられたりする描写が、今回も秀逸。リゾートバイトが体験した現代パートの話が怖かった…。
=
最近のスタイリッシュな三津田作品って感じ。くどくど少なめで、あんまり読んだことない人でも取っ付きやすいかも。ホラー要素の方が強いけれど、そんなにミステリに拘らなくてもいいのになぁと思ってしまう。親の仇なんかってくらい、ホラーとミステリを融合したがるの何でなの。刀城言耶くらいの塩梅なら良いのだけれど。ここまでホラーに舵を切ってるなら、もうホラーを突き詰めて理不尽に呪われて終わって欲しい気持ちが強いな。
=
第一章はネット怪談とか洒落怖のあるあるを、プロの筆力で物凄い豪華にした感じで面白かった。自分の顔をぐるぐる巻きにしてまで、見ないようにするっていうシーンが想像したら怖かった。 終章の最後の真相は、多少強引な所もあるけど 個人的には凄い楽しめて、スッキリした。 みんな腹がよじれてたっていうのは、毒だけじゃなくのぞきめの呪いもあったのかなと思うと凄い怖かった。 ただ実は少女を嫁にしていたっていうのと、 城戸が浄土で和尚の子孫っていうのは、読者を驚かすネタと伏線のためにやってるようなワザとらしさを感じた。","ホラー, ミステリー",0,1,2,4,0,4,
夜市,,"ホラーといっても残酷ではなくて、怪異が出てくる古風でおどろおどろしい雰囲気がいい。夏の夜のちょっと湿度を感じる蒸し暑さを感じる。最後の「これは成長の物語ではない」がその通りなんだけど、こういうストーリーもあるのかと感動した。夜市も古道も、もしかしたら本当にあるかもしれない、と思わされる。
=
異界の描写が良い。ストーリーも思わず唸ってしまうほど上手かったけど、それ以上に異界の描写に魅せられた。舞台が2作とも日本の原風景とも言える場所なこともあってか、異界を鮮明に想像できる。そして同時に郷愁に駆られる。その郷愁と、これらの異界に没入して得られる感覚とが、この作品の他に無い良さだと思う。
=
ホラーというよりも、世にも奇妙な物語風のファンタジー&冒険という印象。子どもにもおすすめしたい。
=
夜市も風の古道もすこし悲しさが残る終わり方をしているのがとても良かった。ハッピーエンドではないところがいい。 ストーリーの内容はホラーというよりも現実社会に紛れ込んでいるファンタジーといった印象。 夜市も風の古道も物語の舞台や人物の設定が良い意味で漫画っぽい。内容も一貫して読みやすく、「これ漫画にしたら合う」と思いながら読んでいた。 仄暗いけどどこか温かさが感じられる作品だった。
=
幻想的な雰囲気というか寓話感というかなんともいえない雰囲気が似てますよね。","ファンタジー, ホラー",0,0,0,2,1,4,
ぼっけえ、きょうてえ,,"ずーっと何やら薄気味悪く、暗い空気の漂う世界観。どの作品も世界観にハマり込んで情景が見えるよう。表題作のぼっけえ、きょうてぇが、強烈に怖かった。
=
まとわりつくようなべちゃーっとした息苦しさを含む短編群にすっかりあてられてしまう。津山とか地名の時点で生々しいし横溝ホラーのイメージもオーバーレイして、これぞ中国地方ホラーという感じ。女性作家だからか情欲要素めっちゃ濃いめ。
=
岡山の土俗、昔の時代の様子が実に生々しさ、臭いを伴いながら感じられる。表題作は最後の問いにどう答えたらいいのか分からない。「密告函」闇の濃度が最も濃いのは人というのはうまい表現。魔性の女のせいで平穏な日常が壊されたというべきか、本性が浮かび上がったというべきか。「あまぞわい」最後まで救いがなく、絶望してしまうのも無理はない。「依って件の如し」一番印象に残った。穏やかな竹婆の裏の顔も含め、こちらも最も恐ろしいのは人だと思う。
=
やはり怖い。匂い立つような生々しさがこれでもかと感じられます。怖さと艶っぽさを両立した作品でした。個人的には「密告函」が一番でした。コレラによるパンデミックが起きている小さな村。役人の弘三が隠れ感染者を炙り出すために設置された密告函の担当となり職務を果たしていく中である女と関わりを持ってしまうという話。弘三が震え上がるのは自業自得なわけですが、当の本人にすればたまったもんじゃないだろうなぁ。人間の本性は誰にも分からないといったところでしょうか。
=
人の狂気と情念、そして現実の狭間に揺らめく怖さを感じた。未知なもの、幽霊、呪いといった話も怖いけど、この怖さはなんだか後味の悪さを感じる怖さ。",ホラー,4,4,4,5,3,4,